settlement_id,canonical_name,aliases_in_book,settlement_type,latitude,longitude,coordinate_note,coordinate_precision,coordinate_source_url,wikidata_id,wikidata_url,wikipedia_url,wikidata_description,entity_resolution_score,occupation_start_year,occupation_end_year,occupation_interval_display,occupation_qualifier,occupation_basis,curation_note,mention_paragraph_count,sections_mentioned,first_source_line,last_source_line
S001,Quebec City,Quebec,modern city,46.816111,-71.224167,Wikidata coordinate,Wikidata supplied point,http://www.wikidata.org/entity/Q2145,Q2145,http://www.wikidata.org/entity/Q2145,https://en.wikipedia.org/wiki/Quebec_City,"capital city of the province of Quebec, Canada",23.0,1608,2026,1608 CE to present,c.–present,reference synthesis,Text calls it the town of Quebec.,7,Chapter 11: Full Circle | Chapter 2: Wicked Liberty | Chapter 3: Unfreezing the Ice Age | Notes to Chapter 11: Full Circle,624,6160
S002,Cholula,Cholula|San Pedro Cholula,modern and ancient city,19.062484166,-98.307505833,Wikidata coordinate,Wikidata supplied point,http://www.wikidata.org/entity/Q1007232,Q1007232,http://www.wikidata.org/entity/Q1007232,"https://en.wikipedia.org/wiki/Cholula,_Puebla","municipal seat of San Pedro Cholula, State of Puebla, Mexico",15.95,-500,2026,500 BCE to present,c.–present,reference synthesis,,3,Chapter 9: Hiding in Plain Sight,3166,3218
S003,Palos de la Frontera,Palos de la Frontera,modern town,37.23457,-6.89471,Wikidata coordinate,Wikidata supplied point,http://www.wikidata.org/entity/Q24013477,Q24013477,http://www.wikidata.org/entity/Q24013477,,"municipal capital of Palos de la Frontera, Huelva, Andalusia, Spain",12.0,1322,2026,1322 CE to present,c.–present,reference synthesis,,1,Chapter 5: Many Seasons Ago,1680,1680
S004,Sainte-Engrâce,Sainte-Engrâce,modern village,43.014166666,-0.854166666,Wikidata coordinate,Wikidata supplied point,http://www.wikidata.org/entity/Q197211,Q197211,http://www.wikidata.org/entity/Q197211,https://en.wikipedia.org/wiki/Sainte-Engr%C3%A2ce,"commune in Pyrénées-Atlantiques, France",16.36,1000,2026,1000 CE to present,c.–present,reference synthesis,Approximate medieval foundation.,1,Chapter 8: Imaginary Cities,2752,2752
S005,Cuzco,Cuzco|Cusco,modern and ancient city,-13.516944444,-71.978611111,Wikidata coordinate,Wikidata supplied point,http://www.wikidata.org/entity/Q5582862,Q5582862,http://www.wikidata.org/entity/Q5582862,https://en.wikipedia.org/wiki/Cusco,"historic city of Peru, capital of the Department of Cusco",13.86,1100,2026,1100 CE to present,c.–present,reference synthesis,,4,Chapter 10: Why the State Has No Origin,3361,3651
S006,Athens,Athens,ancient and modern city,37.984166666,23.728055555,Wikidata coordinate,Wikidata supplied point,http://www.wikidata.org/entity/Q1524,Q1524,http://www.wikidata.org/entity/Q1524,https://en.wikipedia.org/wiki/Athens,capital and largest city of Greece,19.0,-3000,2026,3000 BCE to present,c.–present,reference synthesis,Long episodic occupation.,16,Chapter 10: Why the State Has No Origin | Chapter 11: Full Circle | Chapter 2: Wicked Liberty | Chapter 5: Many Seasons Ago | Chapter 6: Gardens of Adonis | Chapter 8: Imaginary Cities | Chapter 9: Hiding in Plain Sight,923,4149
S007,Sparta,Sparta,ancient city,37.073678,22.430937,Wikidata coordinate,Wikidata supplied point,http://www.wikidata.org/entity/Q5690,Q5690,http://www.wikidata.org/entity/Q5690,https://en.wikipedia.org/wiki/Sparta,city and city-state in ancient Greece,13.77,-900,-192,900 BCE to 192 BCE,c.,reference synthesis,Ancient Sparta interval; modern Sparta is a later refoundation.,5,Chapter 11: Full Circle | Chapter 2: Wicked Liberty | Chapter 5: Many Seasons Ago | Chapter 9: Hiding in Plain Sight,923,4149
S008,Rome,Rome,ancient and modern city,41.893055555,12.482777777,Wikidata coordinate,Wikidata supplied point,http://www.wikidata.org/entity/Q220,Q220,http://www.wikidata.org/entity/Q220,https://en.wikipedia.org/wiki/Rome,capital and largest city of Italy,19.0,-753,2026,753 BCE to present,traditional–present,reference synthesis,,10,Chapter 10: Why the State Has No Origin | Chapter 12: Conclusion | Chapter 2: Wicked Liberty | Chapter 8: Imaginary Cities | Chapter 9: Hiding in Plain Sight | Notes to Chapter 10: Why the State Has No Origin,837,5920
S009,Varna,Varna,modern city,43.211375,27.91108,Wikidata coordinate,Wikidata supplied point,http://www.wikidata.org/entity/Q6506,Q6506,http://www.wikidata.org/entity/Q6506,"https://en.wikipedia.org/wiki/Varna,_Bulgaria","city in Varna municipality, Varna oblast, Bulgaria",18.92,-580,2026,580 BCE to present,c.–present,reference synthesis,,1,Chapter 8: Imaginary Cities,2702,2702
S010,Altamira Cave,Altamira|cave of Altamira|cave sites of Altamira,cave habitation and aggregation site,43.3775,-4.1225,cave entrance/site centroid,site centroid,https://en.wikipedia.org/wiki/Cave_of_Altamira,,,,,,-36000,-13000,36000 BCE to 13000 BCE,c.,book plus reference synthesis,Aggregation use is discussed in Chapter 3 notes.,4,Chapter 1: Farewell to Humanity’s Childhood | Chapter 3: Unfreezing the Ice Age | Notes to Chapter 3: Unfreezing the Ice Age,213,4778
S011,El Castillo Cave,Castillo|cave sites of Altamira and Castillo,cave habitation and aggregation site,43.2923,-3.9655,cave entrance/site centroid,site centroid,https://fr.wikipedia.org/wiki/Grotte_d%27El_Castillo,,,,,,-40800,-11000,40800 BCE to 11000 BCE,c.,book plus reference synthesis,,3,Notes to Chapter 10: Why the State Has No Origin | Notes to Chapter 3: Unfreezing the Ice Age | Notes to Chapter 9: Hiding in Plain Sight,4778,5800
S012,Brixham Cave,Brixham Cave,cave archaeological site,50.3938,-3.5143,scheduled-monument location,site centroid,https://ancientmonuments.uk/106896-windmill-hill-cave-brixham-brixham,,,,,,-30000,-10000,30000 BCE to 10000 BCE,approximate,reference synthesis,Wide low-confidence interval for Palaeolithic use.,1,Chapter 3: Unfreezing the Ice Age,958,958
S013,Sunghir,Sunghir|Sungir,open-air settlement,56.17583333,40.50916667,Wikidata coordinate,Wikidata supplied point,http://www.wikidata.org/entity/Q1779534,Q1779534,http://www.wikidata.org/entity/Q1779534,https://en.wikipedia.org/wiki/Sungir,upper Paleolithic archaeological site in Russia,19.32,-34000,-30000,34000 BCE to 30000 BCE,c.,book plus reference synthesis,,3,Chapter 3: Unfreezing the Ice Age,1019,1118
S014,Dolní Věstonice,Dolní Věstonice,open-air settlement,48.88333,16.65,Wikidata coordinate,Wikidata supplied point,http://www.wikidata.org/entity/Q2915044,Q2915044,http://www.wikidata.org/entity/Q2915044,https://en.wikipedia.org/wiki/Doln%C3%AD_V%C4%9Bstonice_(archaeological_site),Archaeological site in the Czech Republic,15.25,-29000,-25000,29000 BCE to 25000 BCE,c.,reference synthesis,,6,Chapter 3: Unfreezing the Ice Age | Notes to Chapter 3: Unfreezing the Ice Age,1019,4778
S015,Grimaldi Caves,Grimaldi Cave|Grimaldi Caves,cave habitation and burial site,43.784162,7.53336,Balzi Rossi cave complex centroid,site centroid,https://fr.wikipedia.org/wiki/Balzi_Rossi,,,,,,-24000,-19000,24000 BCE to 19000 BCE,c.,reference synthesis,,1,Chapter 3: Unfreezing the Ice Age,1118,1118
S016,Romito Cave,Romito Cave|the Romito Cave,cave habitation and burial site,39.911111111,15.929166666,Wikidata coordinate,Wikidata supplied point,http://www.wikidata.org/entity/Q750837,Q750837,http://www.wikidata.org/entity/Q750837,https://en.wikipedia.org/wiki/Romito_Cave,"cave in the Lao Valley of Pollino National Park, near the town of Papasidero in Calabria, Italy",26.32,-17000,-11000,17000 BCE to 11000 BCE,c.,reference synthesis,,1,Chapter 3: Unfreezing the Ice Age,1118,1118
S017,Lascaux,Lascaux,cave activity site,45.053766,1.170959,Wikidata coordinate,Wikidata supplied point,http://www.wikidata.org/entity/Q172125,Q172125,http://www.wikidata.org/entity/Q172125,https://en.wikipedia.org/wiki/Lascaux,cave in southwestern France famous for its Paleolithic cave paintings,17.13,-17000,-15000,17000 BCE to 15000 BCE,c.,reference synthesis,,1,Chapter 3: Unfreezing the Ice Age,995,995
S018,Saint-Germain-de-la-Rivière,Saint-Germain-de-la-Rivière,burial and habitation locality,44.949951,-0.331018,Palaeolithic burial location,site centroid,https://vici.org/vici/22744/,,,,,,-14000,-14000,14000 BCE,c.,book plus reference synthesis,Single-period burial locality.,1,Chapter 3: Unfreezing the Ice Age,1021,1021
S019,Yudinovo,Yudinovo,open-air settlement,52.670833333,33.283333333,Wikidata coordinate,Wikidata supplied point,http://www.wikidata.org/entity/Q4533834,Q4533834,http://www.wikidata.org/entity/Q4533834,,"human settlement in Pogarsky District, Bryansk Oblast, Russia",9.32,-15000,-12000,15000 BCE to 12000 BCE,c.,reference synthesis,,1,Chapter 3: Unfreezing the Ice Age,1045,1045
S020,Mezhirich,Mezhirich|Mezhyrich,open-air settlement,49.615,31.434166666,Wikidata coordinate,Wikidata supplied point,http://www.wikidata.org/entity/Q959420,Q959420,http://www.wikidata.org/entity/Q959420,"https://en.wikipedia.org/wiki/Mezhyrich,_Cherkasy_Oblast","village in Kaniv Raion, Cherkasy Oblast, Ukraine",10.81,-15000,-12000,15000 BCE to 12000 BCE,c.,reference synthesis,,2,Chapter 3: Unfreezing the Ice Age | Notes to Chapter 3: Unfreezing the Ice Age,1045,4778
S021,Kostenki,Kostenki,open-air settlement complex,51.385666666,39.051694444,Wikidata coordinate,Wikidata supplied point,http://www.wikidata.org/entity/Q7723928,Q7723928,http://www.wikidata.org/entity/Q7723928,,archeologic National Park in Russia,8.58,-40000,-20000,40000 BCE to 20000 BCE,c.,reference synthesis,Multiple occupations across the complex.,1,Chapter 3: Unfreezing the Ice Age,1045,1045
S022,Stonehenge,Stonehenge,seasonal aggregation site,51.178888888,-1.826111111,Wikidata coordinate,Wikidata supplied point,http://www.wikidata.org/entity/Q39671,Q39671,http://www.wikidata.org/entity/Q39671,https://en.wikipedia.org/wiki/Stonehenge,"Neolithic henge monument in Amesbury, Wiltshire, England, UK",18.0,-3000,-1600,3000 BCE to 1600 BCE,c.,reference synthesis,Included because the book treats it as a recurring human aggregation place rather than a town.,12,"Chapter 10: Why the State Has No Origin | Chapter 12: Conclusion | Chapter 3: Unfreezing the Ice Age | Chapter 4: Free People, the Origin of Cultures, and the Advent of Private Property | Notes to Chapter 3: Unfreezing the Ice Age",1142,4782
S023,Durrington Walls,Durrington Walls,seasonal town,51.1925,-1.7875,Wikidata coordinate,Wikidata supplied point,http://www.wikidata.org/entity/Q471738,Q471738,http://www.wikidata.org/entity/Q471738,https://en.wikipedia.org/wiki/Durrington_Walls,"the site of a large Neolithic settlement, village; also it enclosed several hedges;",11.0,-2600,-2400,2600 BCE to 2400 BCE,c.,book plus reference synthesis,,3,Chapter 3: Unfreezing the Ice Age | Notes to Chapter 3: Unfreezing the Ice Age,1144,4784
S024,Göbekli Tepe,Göbekli Tepe,seasonal aggregation and monument complex,37.223055555,38.9225,Wikidata coordinate,Wikidata supplied point,http://www.wikidata.org/entity/Q214944,Q214944,http://www.wikidata.org/entity/Q214944,https://en.wikipedia.org/wiki/G%C3%B6bekli_Tepe,neolithic archaeological site in Turkey,29.3,-9500,-8000,9500 BCE to 8000 BCE,c.,book plus reference synthesis,,23,"Chapter 3: Unfreezing the Ice Age | Chapter 4: Free People, the Origin of Cultures, and the Advent of Private Property | Chapter 6: Gardens of Adonis | Chapter 7: The Ecology of Freedom | Notes to Chapter 3: Unfreezing the Ice Age | Notes to Chapter 6: Gardens of Adonis",1025,5204
S025,Poverty Point,Poverty Point,seasonal aggregation settlement,32.6367,-91.4114,Wikidata coordinate,Wikidata supplied point,http://www.wikidata.org/entity/Q964745,Q964745,http://www.wikidata.org/entity/Q964745,https://en.wikipedia.org/wiki/Poverty_Point,"prehistoric site of the Poverty Point culture in northeastern Louisiana, United States",23.75,-1700,-1100,1700 BCE to 1100 BCE,c.,book plus reference synthesis,,23,"Chapter 11: Full Circle | Chapter 4: Free People, the Origin of Cultures, and the Advent of Private Property | Chapter 5: Many Seasons Ago | Notes to Chapter 11: Full Circle | Notes to Chapter 4: Free People, the Origin of Cultures, and the Advent of Private Property",1442,6062
S026,Sannai Maruyama,Sannai Maruyama,settlement,40.811467,140.696872,archaeological site centroid,site centroid,https://en.wikipedia.org/wiki/Sannai-Maruyama_Site,,,,,,-3900,-2300,3900 BCE to 2300 BCE,book dates,book paragraph L4880,,5,"Chapter 12: Conclusion | Chapter 4: Free People, the Origin of Cultures, and the Advent of Private Property | Notes to Chapter 4: Free People, the Origin of Cultures, and the Advent of Private Property",1482,4880
S027,Watson Brake,Watson’s Brake|Watson's Brake,aggregation and mound site,32.368888888,-92.144722222,Wikidata coordinate,Wikidata supplied point,http://www.wikidata.org/entity/Q2552689,Q2552689,http://www.wikidata.org/entity/Q2552689,https://en.wikipedia.org/wiki/Watson_Brake,"archaeological site in Ouachita Parish, Louisiana, United States",22.46,-3500,-2800,3500 BCE to 2800 BCE,c.,reference synthesis,,1,"Chapter 4: Free People, the Origin of Cultures, and the Advent of Private Property",1474,1474
S028,Çatalhöyük,Çatalhöyük,large settlement,37.6675,32.828333333,Wikidata coordinate,Wikidata supplied point,http://www.wikidata.org/entity/Q192522,Q192522,http://www.wikidata.org/entity/Q192522,https://en.wikipedia.org/wiki/%C3%87atalh%C3%B6y%C3%BCk,"archaeological site in Konya Province, Turkey",25.15,-7400,-5900,7400 BCE to 5900 BCE,book dates,book paragraph L2060,,27,Chapter 10: Why the State Has No Origin | Chapter 12: Conclusion | Chapter 6: Gardens of Adonis | Notes to Chapter 6: Gardens of Adonis | Notes to Chapter 8: Imaginary Cities,2055,5386
S029,Nevalı Çori,Nevalı Çori,settlement and monument site,37.518333333,38.605555555,Wikidata coordinate,Wikidata supplied point,http://www.wikidata.org/entity/Q1151606,Q1151606,http://www.wikidata.org/entity/Q1151606,https://en.wikipedia.org/wiki/Neval%C4%B1_%C3%87ori,Early Neolithic settlement and archaeological site,15.64,-8500,-8000,8500 BCE to 8000 BCE,c.,reference synthesis,,1,Chapter 6: Gardens of Adonis,2288,2288
S030,Jerf el-Ahmar,Jerf el-Ahmar,settlement,36.38333333,38.18055556,Wikidata coordinate,Wikidata supplied point,http://www.wikidata.org/entity/Q928706,Q928706,http://www.wikidata.org/entity/Q928706,https://en.wikipedia.org/wiki/Jerf_el_Ahmar,archaeological site in Syria,10.58,-9500,-8700,9500 BCE to 8700 BCE,c.,reference synthesis,,3,Chapter 6: Gardens of Adonis,2168,2288
S031,Jericho,Jericho,ancient and modern city,31.856111111,35.463055555,Wikidata coordinate,Wikidata supplied point,http://www.wikidata.org/entity/Q5687,Q5687,http://www.wikidata.org/entity/Q5687,https://en.wikipedia.org/wiki/Jericho,"city in West Bank, Palestine",22.64,-9000,2026,9000 BCE to present,c.–present,reference synthesis,Long episodic occupation.,3,Chapter 6: Gardens of Adonis,2160,2320
S032,Karahan Tepe,Karahan Tepe,aggregation and monument site,37.0916,39.3027,Wikidata coordinate,Wikidata supplied point,http://www.wikidata.org/entity/Q5996986,Q5996986,http://www.wikidata.org/entity/Q5996986,https://en.wikipedia.org/wiki/Karahan_Tepe,archeological site in Turkey,11.46,-9500,-8000,9500 BCE to 8000 BCE,c.,reference synthesis,,1,Chapter 6: Gardens of Adonis,2158,2158
S033,Körtik Tepe,Körtik Tepe,settlement,37.813993453,40.989503503,Wikidata coordinate,Wikidata supplied point,http://www.wikidata.org/entity/Q959497,Q959497,http://www.wikidata.org/entity/Q959497,,"archaeological site in Batman Province, Turkey",21.81,-10400,-9250,10400 BCE to 9250 BCE,c.,reference synthesis,,1,Notes to Chapter 6: Gardens of Adonis,5204,5204
S034,Çayönü Tepesi,Çayönü Tepesi|Çayönü,settlement,38.216,39.725,Wikidata coordinate,Wikidata supplied point,http://www.wikidata.org/entity/Q272720,Q272720,http://www.wikidata.org/entity/Q272720,https://en.wikipedia.org/wiki/%C3%87ay%C3%B6n%C3%BC,"archaeological site in Ergani, Diyarbakır, Turkey",12.0,-8630,-6800,8630 BCE to 6800 BCE,c.,reference synthesis,,5,Chapter 6: Gardens of Adonis | Chapter 7: The Ecology of Freedom | Notes to Chapter 6: Gardens of Adonis,2290,5208
S035,Tell Brak,Tell Brak,ancient city,36.6667,41.0583,Wikidata coordinate,Wikidata supplied point,http://www.wikidata.org/entity/Q978443,Q978443,http://www.wikidata.org/entity/Q978443,https://en.wikipedia.org/wiki/Tell_Brak,Archaeological site in Syria,24.0,-6500,-1300,6500 BCE to 1300 BCE,c.,reference synthesis,,1,Notes to Chapter 8: Imaginary Cities,5418,5418
S036,Tell Sabi Abyad,Tell Sabi Abyad,village,36.504,39.093,Wikidata coordinate,Wikidata supplied point,http://www.wikidata.org/entity/Q1147286,Q1147286,http://www.wikidata.org/entity/Q1147286,https://en.wikipedia.org/wiki/Tell_Sabi_Abyad,"archaeological site in ar-Raqqah, Syria",22.58,-7500,-5500,7500 BCE to 5500 BCE,c.,book plus reference synthesis,Book foregrounds the village destroyed around 6200 BCE.,6,Chapter 10: Why the State Has No Origin | Notes to Chapter 10: Why the State Has No Origin,3727,5938
S037,Kilianstädten,Kilianstädten,village,50.2014,8.85361,Wikidata coordinate,Wikidata supplied point,http://www.wikidata.org/entity/Q1741299,Q1741299,http://www.wikidata.org/entity/Q1741299,,human settlement,8.58,-5200,-5000,5200 BCE to 5000 BCE,c.,reference synthesis,,2,Chapter 7: The Ecology of Freedom,2437,2439
S038,Talheim,Talheim,village,48.4921,8.67198,Wikidata coordinate,Wikidata supplied point,http://www.wikidata.org/entity/Q2390251,Q2390251,http://www.wikidata.org/entity/Q2390251,,"quarter of Horb am Neckar, Baden-Württemberg, Germany",9.32,-5500,-4900,5500 BCE to 4900 BCE,c.,reference synthesis,,1,Chapter 7: The Ecology of Freedom,2437,2437
S039,Asparn-Schletz,Asparn|Schletz|Asparn-Schletz,village,48.318889,16.009444,Wikidata coordinate,Wikidata supplied point,http://www.wikidata.org/entity/Q110639024,Q110639024,http://www.wikidata.org/entity/Q110639024,,locality in Tulln District,8.58,-5200,-4900,5200 BCE to 4900 BCE,c.,reference synthesis,Combines the two forms used for the same archaeological locality.,2,Chapter 7: The Ecology of Freedom,2437,2439
S040,Herxheim,Herxheim,village,49.1453309,8.1906469,Wikidata coordinate,Wikidata supplied point,http://www.wikidata.org/entity/Q5745145,Q5745145,http://www.wikidata.org/entity/Q5745145,https://en.wikipedia.org/wiki/Herxheim_(archaeological_site),located in the town,22.0,-5300,-4950,5300 BCE to 4950 BCE,c.,reference synthesis,,1,Chapter 7: The Ecology of Freedom,2437,2437
S041,Lapita type-site,Lapita,village,-21.102778,164.798889,Wikidata coordinate,Wikidata supplied point,http://www.wikidata.org/entity/Q38514872,Q38514872,http://www.wikidata.org/entity/Q38514872,,"archaeological site in Koné, France",16.0,-1100,-800,1100 BCE to 800 BCE,c.,reference synthesis,The book names the culture after its type-site.,8,Chapter 7: The Ecology of Freedom | Notes to Chapter 7: The Ecology of Freedom,2482,5296
S042,Caral,Caral,ancient city,-10.8900437,-77.5014242,Wikidata coordinate,Wikidata supplied point,http://www.wikidata.org/entity/Q125448362,Q125448362,http://www.wikidata.org/entity/Q125448362,,populated place in Supe District in Peru,8.0,-3000,-1800,3000 BCE to 1800 BCE,c.,reference synthesis,,1,Chapter 8: Imaginary Cities,2693,2693
S043,Liangchengzhen,Liangchengzhen,walled settlement,35.571,119.572,archaeological sampling/site location,site centroid,https://academic.oup.com/gji/article-abstract/232/2/1159/6747130,,,,,,-2600,-2000,2600 BCE to 2000 BCE,c.,book plus reference synthesis,,1,Chapter 8: Imaginary Cities,2693,2693
S044,Yaowangcheng,Yaowangcheng,walled settlement,35.302171,119.350127,archaeological park/site location,site centroid,https://www.amap.com/place/B0KGTHETEK,,,,,,-2600,-2000,2600 BCE to 2000 BCE,c.,book plus reference synthesis,,1,Chapter 8: Imaginary Cities,2693,2693
S045,Taljanky,Taljanky|Talianki,mega-settlement,48.805,30.535,Wikidata coordinate,Wikidata supplied point,http://www.wikidata.org/entity/Q7679481,Q7679481,http://www.wikidata.org/entity/Q7679481,https://en.wikipedia.org/wiki/Talianki_(archaeological_site),Archaeological site in Ukraine,10.0,-3700,-3400,3700 BCE to 3400 BCE,c.,reference synthesis,,5,Chapter 8: Imaginary Cities | Notes to Chapter 8: Imaginary Cities,2704,5400
S046,Maidenetske,Maidenetske|Maidanetske,mega-settlement,48.81,30.700277777,Wikidata coordinate,Wikidata supplied point,http://www.wikidata.org/entity/Q5265879,Q5265879,http://www.wikidata.org/entity/Q5265879,https://en.wikipedia.org/wiki/Maidanetske,"village in Talne Raion, Cherkasy Oblast, Ukraine",11.17,-3700,-3400,3700 BCE to 3400 BCE,c.,reference synthesis,,3,Chapter 8: Imaginary Cities | Notes to Chapter 8: Imaginary Cities,2704,5400
S047,Nebelivka,Nebelivka,mega-settlement,48.635277777,30.581388888,Wikidata coordinate,Wikidata supplied point,http://www.wikidata.org/entity/Q4315483,Q4315483,http://www.wikidata.org/entity/Q4315483,https://en.wikipedia.org/wiki/Nebelivka,"village in Novoarkhanhelsk Raion, Kirovohrad Oblast, Ukraine",10.58,-3970,-3770,3970 BCE to 3770 BCE,c.,reference synthesis,,5,Chapter 8: Imaginary Cities | Front matter: maps and figures | Notes to Chapter 8: Imaginary Cities,151,5400
S048,Uruk,Uruk|Warka|Erech,ancient city,31.3259,45.6374,Wikidata coordinate,Wikidata supplied point,http://www.wikidata.org/entity/Q168518,Q168518,http://www.wikidata.org/entity/Q168518,https://en.wikipedia.org/wiki/Uruk,ancient city of Sumer and Babylonia,13.25,-5000,300,5000 BCE to 300 CE,c.,reference synthesis,Warka and biblical Erech are treated as aliases of Uruk.,38,"Chapter 10: Why the State Has No Origin | Chapter 12: Conclusion | Chapter 4: Free People, the Origin of Cultures, and the Advent of Private Property | Chapter 8: Imaginary Cities | Chapter 9: Hiding in Plain Sight | Notes to Chapter 8: Imaginary Cities",1444,5482
S049,Harappa,Harappa,ancient city,30.633333333,72.866666666,Wikidata coordinate,Wikidata supplied point,http://www.wikidata.org/entity/Q185562,Q185562,http://www.wikidata.org/entity/Q185562,https://en.wikipedia.org/wiki/Harappa,"archaeological site in Punjab, Pakistan",25.29,-3300,-1300,3300 BCE to 1300 BCE,c.,reference synthesis,,7,"Chapter 4: Free People, the Origin of Cultures, and the Advent of Private Property | Chapter 8: Imaginary Cities | Notes to Chapter 8: Imaginary Cities",1444,5362
S050,Mohenjo-daro,Mohenjo-daro,ancient city,27.329166666,68.138888888,Wikidata coordinate,Wikidata supplied point,http://www.wikidata.org/entity/Q5725,Q5725,http://www.wikidata.org/entity/Q5725,https://en.wikipedia.org/wiki/Mohenjo-daro,"archaeological site in the province of Sindh, Pakistan",25.63,-2600,-1900,2600 BCE to 1900 BCE,c.,reference synthesis,,19,Chapter 10: Why the State Has No Origin | Chapter 12: Conclusion | Chapter 8: Imaginary Cities | Chapter 9: Hiding in Plain Sight | Notes to Chapter 10: Why the State Has No Origin,2706,5992
S051,Lothal,Lothal,ancient city,22.521388888,72.249444444,Wikidata coordinate,Wikidata supplied point,http://www.wikidata.org/entity/Q9443,Q9443,http://www.wikidata.org/entity/Q9443,https://en.wikipedia.org/wiki/Lothal,"prominent city of the ancient Indus valley civilization (present-day Gujarat, India)",28.64,-2400,-1900,2400 BCE to 1900 BCE,c.,reference synthesis,,1,Chapter 8: Imaginary Cities,2909,2909
S052,Shortugai,Shortugai,trading settlement,37.325,69.525,Wikidata coordinate,Wikidata supplied point,http://www.wikidata.org/entity/Q1550221,Q1550221,http://www.wikidata.org/entity/Q1550221,https://en.wikipedia.org/wiki/Shortugai,"archaeological site in Takhar, Afghanistan",23.0,-2000,-1500,2000 BCE to 1500 BCE,c.,reference synthesis,,1,Chapter 8: Imaginary Cities,2909,2909
S053,Nineveh,Nineveh,ancient city,36.366667,43.15,Wikidata coordinate,Wikidata supplied point,http://www.wikidata.org/entity/Q5680,Q5680,http://www.wikidata.org/entity/Q5680,https://en.wikipedia.org/wiki/Nineveh,"ancient Assyrian city, capital of the Neo-Assyrian Empire",17.44,-6000,-612,6000 BCE to 612 BCE,c.,reference synthesis,,2,Chapter 8: Imaginary Cities,2765,2821
S054,Nimrud,Nimrud,ancient city,36.098055555,43.328888888,Wikidata coordinate,Wikidata supplied point,http://www.wikidata.org/entity/Q237614,Q237614,http://www.wikidata.org/entity/Q237614,https://en.wikipedia.org/wiki/Nimrud,ancient Assyrian city,16.93,-1350,-610,1350 BCE to 610 BCE,c.,reference synthesis,,1,Chapter 8: Imaginary Cities,2765,2765
S055,Babylon,Babylon,ancient city,32.522907,44.42415,Wikidata coordinate,Wikidata supplied point,http://www.wikidata.org/entity/Q5684,Q5684,http://www.wikidata.org/entity/Q5684,https://en.wikipedia.org/wiki/Babylon,capital city of Babylonia and an archaeological site in modern-day Iraq,14.0,-2300,1000,2300 BCE to 1000 CE,c.,reference synthesis,Long episodic occupation.,5,Chapter 10: Why the State Has No Origin | Chapter 8: Imaginary Cities,2648,3259
S056,Susa,Susa,ancient city,32.189444444,48.256111111,Wikidata coordinate,Wikidata supplied point,http://www.wikidata.org/entity/Q180773,Q180773,http://www.wikidata.org/entity/Q180773,https://en.wikipedia.org/wiki/Susa,"ancient city in Iran, World Heritage site in Iran",13.32,-4200,1218,4200 BCE to 1218 CE,c.,reference synthesis,,1,Chapter 8: Imaginary Cities,2765,2765
S057,Ur,Ur,ancient city,30.962222,46.104444,Wikidata coordinate,Wikidata supplied point,http://www.wikidata.org/entity/Q5699,Q5699,http://www.wikidata.org/entity/Q5699,https://en.wikipedia.org/wiki/Ur,ancient Mesopotamian city-state,13.44,-3800,-500,3800 BCE to 500 BCE,c.,reference synthesis,,9,Chapter 10: Why the State Has No Origin | Chapter 7: The Ecology of Freedom | Chapter 8: Imaginary Cities | Notes to Chapter 8: Imaginary Cities,2515,5466
S058,Lagash,Lagash,ancient city,31.411389,46.407222,Wikidata coordinate,Wikidata supplied point,http://www.wikidata.org/entity/Q207330,Q207330,http://www.wikidata.org/entity/Q207330,https://en.wikipedia.org/wiki/Lagash,ancient Mesopotamian city-state,12.95,-4000,-1500,4000 BCE to 1500 BCE,c.,reference synthesis,,3,Chapter 8: Imaginary Cities | Notes to Chapter 8: Imaginary Cities,2785,5434
S059,Girsu,Girsu,ancient city,31.56526,46.18964,Wikidata coordinate,Wikidata supplied point,http://www.wikidata.org/entity/Q853946,Q853946,http://www.wikidata.org/entity/Q853946,https://en.wikipedia.org/wiki/Girsu,ancient Sumerian city,16.17,-5000,-2000,5000 BCE to 2000 BCE,c.,reference synthesis,,1,Notes to Chapter 8: Imaginary Cities,5434,5434
S060,Nippur,Nippur,ancient city,32.126111111,45.230833333,Wikidata coordinate,Wikidata supplied point,http://www.wikidata.org/entity/Q188395,Q188395,http://www.wikidata.org/entity/Q188395,https://en.wikipedia.org/wiki/Nippur,ancient city in modern day Iraq,13.13,-5000,800,5000 BCE to 800 CE,c.,reference synthesis,,2,Chapter 8: Imaginary Cities,2821,2823
S061,Eridu,Eridu,ancient city,30.81583,45.99583,Wikidata coordinate,Wikidata supplied point,http://www.wikidata.org/entity/Q210065,Q210065,http://www.wikidata.org/entity/Q210065,https://en.wikipedia.org/wiki/Eridu,archaeological site in Iraq,12.78,-5400,-600,5400 BCE to 600 BCE,c.,reference synthesis,,1,Chapter 8: Imaginary Cities,2811,2811
S062,Kish,Kish,ancient city,32.540277777,44.604722222,Wikidata coordinate,Wikidata supplied point,http://www.wikidata.org/entity/Q132272,Q132272,http://www.wikidata.org/entity/Q132272,https://en.wikipedia.org/wiki/Kish_(Sumer),ancient Sumerian city,16.88,-3100,-650,3100 BCE to 650 BCE,c.,reference synthesis,,2,Chapter 8: Imaginary Cities | Notes to Chapter 8: Imaginary Cities,2811,5460
S063,Larsa,Larsa,ancient city,31.2833,45.8498,Wikidata coordinate,Wikidata supplied point,http://www.wikidata.org/entity/Q244746,Q244746,http://www.wikidata.org/entity/Q244746,https://en.wikipedia.org/wiki/Larsa,human settlement,12.58,-2500,-500,2500 BCE to 500 BCE,c.,reference synthesis,,2,Chapter 8: Imaginary Cities,2811,2827
S064,Eshnunna,Eshnunna,ancient city,33.75,44.75,Wikidata coordinate,Wikidata supplied point,http://www.wikidata.org/entity/Q375685,Q375685,http://www.wikidata.org/entity/Q375685,https://en.wikipedia.org/wiki/Eshnunna,Sumerian city-state,12.39,-3000,-1700,3000 BCE to 1700 BCE,c.,reference synthesis,,1,Notes to Chapter 8: Imaginary Cities,5448,5448
S065,Mashkan-shapir,Mashkan-shapir|Mashkan,ancient city,32.4,45.21666667,Wikidata coordinate,Wikidata supplied point,http://www.wikidata.org/entity/Q2574582,Q2574582,http://www.wikidata.org/entity/Q2574582,https://en.wikipedia.org/wiki/Mashkan-shapir,archaeological site in Iraq,10.58,-2050,-1700,2050 BCE to 1700 BCE,c.,reference synthesis,,2,Chapter 8: Imaginary Cities,2827,2829
S066,Mari,Mari|Tell Hariri,ancient city,34.549444444,40.89,Wikidata coordinate,Wikidata supplied point,http://www.wikidata.org/entity/Q244762,Q244762,http://www.wikidata.org/entity/Q244762,"https://en.wikipedia.org/wiki/Mari,_Syria",ancient Sumerian and Amorite city,12.86,-2900,-1760,2900 BCE to 1760 BCE,c.,reference synthesis,,3,Chapter 10: Why the State Has No Origin | Chapter 8: Imaginary Cities,2829,3823
S067,Urkesh,Urkesh|Tell Mozan,ancient city,37.056944444,40.997222222,Wikidata coordinate,Wikidata supplied point,http://www.wikidata.org/entity/Q1758030,Q1758030,http://www.wikidata.org/entity/Q1758030,https://en.wikipedia.org/wiki/Urkesh,archaeological site in Syria,11.46,-4000,-1300,4000 BCE to 1300 BCE,c.,reference synthesis,,2,Chapter 8: Imaginary Cities | Notes to Chapter 8: Imaginary Cities,2831,5458
S068,Kanesh,Kanesh|Kültepe,ancient city,38.85,35.633333333,Wikidata coordinate,Wikidata supplied point,http://www.wikidata.org/entity/Q538605,Q538605,http://www.wikidata.org/entity/Q538605,https://en.wikipedia.org/wiki/K%C3%BCltepe,human settlement,12.21,-3000,-1700,3000 BCE to 1700 BCE,c.,reference synthesis,,1,Chapter 8: Imaginary Cities,2819,2819
S069,Anyang (Yinxu),Anyang|Yinxu,Shang capital,36.1225,114.318611111,Wikidata coordinate,Wikidata supplied point,http://www.wikidata.org/entity/Q464904,Q464904,http://www.wikidata.org/entity/Q464904,https://en.wikipedia.org/wiki/Yinxu,archeological site of the last capital of China's Shang dynasty,28.58,-1300,-1046,1300 BCE to 1046 BCE,c.,book plus reference synthesis,Resolved to the Shang capital rather than the modern city centre.,3,Chapter 10: Why the State Has No Origin | Chapter 8: Imaginary Cities,2972,3651
S070,Shimao,Shimao,walled city,38.561539,110.307439,Wikidata coordinate,Wikidata supplied point,http://www.wikidata.org/entity/Q24036336,Q24036336,http://www.wikidata.org/entity/Q24036336,https://en.wikipedia.org/wiki/Shimao,Chinese archaeological site,22.32,-2300,-1800,2300 BCE to 1800 BCE,c.,reference synthesis,,2,Chapter 8: Imaginary Cities,2982,2984
S071,Taosi,Taosi,walled city,35.892861111,111.490055555,Wikidata coordinate,Wikidata supplied point,http://www.wikidata.org/entity/Q217859,Q217859,http://www.wikidata.org/entity/Q217859,https://en.wikipedia.org/wiki/Taosi,archaeological site,22.81,-2300,-1800,2300 BCE to 1800 BCE,book dates,book paragraph L2984,,4,Chapter 8: Imaginary Cities,2984,2996
S072,Wangchenggang,Wangchenggang,walled town,34.40084,113.12496,archaeological ruins location,site centroid,https://mapcarta.com/W1263470603,,,,,,-2200,-1600,2200 BCE to 1600 BCE,c.,reference synthesis,,1,Notes to Chapter 8: Imaginary Cities,5550,5550
S073,Erlitou,Erlitou,urban settlement,34.6925,112.69,Wikidata coordinate,Wikidata supplied point,http://www.wikidata.org/entity/Q2692927,Q2692927,http://www.wikidata.org/entity/Q2692927,https://en.wikipedia.org/wiki/Erlitou,"archaeological site in Yanshi, Henan, China",21.81,-1750,-1530,1750 BCE to 1530 BCE,c.,reference synthesis,,1,Chapter 8: Imaginary Cities,2972,2972
S074,Zhengzhou Shang City,Erligang|Zhengzhou Shang City,walled city,34.7453,113.6831,archaeological site centroid,site centroid,https://www.wikidata.org/wiki/Q203132,Q203132,https://www.wikidata.org/wiki/Q203132,https://en.wikipedia.org/wiki/Zhengzhou_Shang_City,"Bronze Age archaeological city in Zhengzhou, China",100.0,-1600,-1400,1600 BCE to 1400 BCE,c.,reference synthesis,Erligang is resolved to the type-site at Zhengzhou.,1,Chapter 8: Imaginary Cities,2972,2972
S075,Tenochtitlan,Tenochtitlan,ancient city,19.435,-99.13138889,Wikidata coordinate,Wikidata supplied point,http://www.wikidata.org/entity/Q13695,Q13695,http://www.wikidata.org/entity/Q13695,https://en.wikipedia.org/wiki/Tenochtitlan,former city-state in the Valley of Mexico,13.48,1325,1521,1325 CE to 1521 CE,established–destroyed,reference synthesis,,15,Chapter 10: Why the State Has No Origin | Chapter 8: Imaginary Cities | Chapter 9: Hiding in Plain Sight | Notes to Chapter 9: Hiding in Plain Sight,2679,5674
S076,Teotihuacan,Teotihuacan,ancient city,19.6925,-98.843888888,Wikidata coordinate,Wikidata supplied point,http://www.wikidata.org/entity/Q172613,Q172613,http://www.wikidata.org/entity/Q172613,https://en.wikipedia.org/wiki/Teotihuacan,ancient Mesoamerican city,13.3,-100,550,100 BCE to 550 CE,c.,book plus reference synthesis,,54,Chapter 10: Why the State Has No Origin | Chapter 11: Full Circle | Chapter 12: Conclusion | Chapter 8: Imaginary Cities | Chapter 9: Hiding in Plain Sight | Front matter: maps and figures | Notes to Chapter 10: Why the State Has No Origin | Notes to Chapter 8: Imaginary Cities | Notes to Chapter 9: Hiding in Plain Sight,155,5788
S077,Tikal,Tikal,ancient city,17.222094444,-89.623613888,Wikidata coordinate,Wikidata supplied point,http://www.wikidata.org/entity/Q181172,Q181172,http://www.wikidata.org/entity/Q181172,https://en.wikipedia.org/wiki/Tikal,ruins of major ancient Maya city,29.25,-300,900,300 BCE to 900 CE,c.,reference synthesis,,8,Chapter 10: Why the State Has No Origin | Chapter 9: Hiding in Plain Sight,3043,3389
S078,Calakmul,Calakmul,ancient city,18.105,-89.810555555,Wikidata coordinate,Wikidata supplied point,http://www.wikidata.org/entity/Q272771,Q272771,http://www.wikidata.org/entity/Q272771,https://en.wikipedia.org/wiki/Calakmul,archaeological site,24.7,-550,900,550 BCE to 900 CE,c.,reference synthesis,,2,Chapter 10: Why the State Has No Origin | Chapter 9: Hiding in Plain Sight,3043,3389
S079,Palenque,Palenque,ancient city,17.484166666,-92.046388888,Wikidata coordinate,Wikidata supplied point,http://www.wikidata.org/entity/Q181427,Q181427,http://www.wikidata.org/entity/Q181427,https://en.wikipedia.org/wiki/Palenque,former Maya city state in southern Mexico,29.09,-226,900,226 BCE to 900 CE,c.,reference synthesis,,2,Chapter 9: Hiding in Plain Sight,3043,3047
S080,Monte Albán,Monte Alban|Monte Albán,ancient city,17.043888888,-96.767777777,Wikidata coordinate,Wikidata supplied point,http://www.wikidata.org/entity/Q464899,Q464899,http://www.wikidata.org/entity/Q464899,https://en.wikipedia.org/wiki/Monte_Alb%C3%A1n,pre-Columbian archaeological site in Mexico,24.7,-500,850,500 BCE to 850 CE,c.,book plus reference synthesis,,1,Chapter 9: Hiding in Plain Sight,3043,3043
S081,Tula (Tollan),Tula|Tollan,Toltec city,20.06382,-99.34111,archaeological zone centroid,site centroid,https://mapcarta.com/36900208,Q1368626,http://www.wikidata.org/entity/Q1368626,https://en.wikipedia.org/wiki/T%C5%8Dll%C4%81n,archaeological site in Mexico,19.7,850,1150,850 CE to 1150 CE,book dates,book paragraph L3043,,10,Chapter 9: Hiding in Plain Sight | Notes to Chapter 9: Hiding in Plain Sight,3019,5602
S082,Cahokia,Cahokia,ancient city,38.653888888,-90.064444444,Wikidata coordinate,Wikidata supplied point,http://www.wikidata.org/entity/Q333661,Q333661,http://www.wikidata.org/entity/Q333661,https://en.wikipedia.org/wiki/Cahokia,"archaeological site near East St. Louis, Illinois, USA",24.78,1050,1350,1050 CE to 1350 CE,book dates,book paragraph L3955,,34,Chapter 10: Why the State Has No Origin | Chapter 11: Full Circle | Chapter 12: Conclusion | Chapter 9: Hiding in Plain Sight | Notes to Chapter 11: Full Circle,3043,6134
S083,Cuicuilco,Cuicuilco,ancient city,19.301667,-99.181667,Wikidata coordinate,Wikidata supplied point,http://www.wikidata.org/entity/Q1143307,Q1143307,http://www.wikidata.org/entity/Q1143307,https://en.wikipedia.org/wiki/Cuicuilco,archaeological site in Mexico,23.46,-800,250,800 BCE to 250 CE,c.,reference synthesis,,1,Chapter 9: Hiding in Plain Sight,3099,3099
S084,Tetimpa,Tetimpa,village,19.07563,-98.47567,modern locality over/near archaeological settlement,nearby locality,https://mapcarta.com/30105944,,,,,,-700,100,700 BCE to 100 CE,c.,reference synthesis,,2,Chapter 9: Hiding in Plain Sight,3099,3103
S085,Tlaxcala,Tlaxcala,city-state,19.315144977,-98.236151198,Wikidata coordinate,Wikidata supplied point,http://www.wikidata.org/entity/Q689987,Q689987,http://www.wikidata.org/entity/Q689987,https://en.wikipedia.org/wiki/Tlaxcala_(city),capital of the Mexican state of Tlaxcala,12.81,1250,2026,1250 CE to present,c.–present,reference synthesis,Ancient city and modern continuation.,28,Chapter 9: Hiding in Plain Sight | Notes to Chapter 9: Hiding in Plain Sight,3154,5688
S086,Tizatlan,Tizatlan,city-state,19.337777777,-98.218055555,Wikidata coordinate,Wikidata supplied point,http://www.wikidata.org/entity/Q3991974,Q3991974,http://www.wikidata.org/entity/Q3991974,https://en.wikipedia.org/wiki/Tizatlan,political entity in pre-Columbian Mexico,13.58,1250,1521,1250 CE to 1521 CE,c.,reference synthesis,,1,Chapter 9: Hiding in Plain Sight,3234,3234
S087,Aztlán,Aztlán|Aztlan,unlocated historical or legendary settlement,,,intentionally unlocated; the book does not specify a recoverable location,unlocated,,,,,,,,1150,unknown to 1150 CE,before,book evidence,Location is explicitly unknown in paragraph L3015; coordinates intentionally null.,2,Chapter 9: Hiding in Plain Sight | Notes to Chapter 9: Hiding in Plain Sight,3015,5566
S088,Culhuacan,Culhuacan|Culhuacán,city-state,19.336,-99.124,historic settlement centre in modern Pueblo Culhuacan,historical core,https://en.wikipedia.org/wiki/Pueblo_Culhuac%C3%A1n,,,,,,600,1521,600 CE to 1521 CE,c.,reference synthesis,,1,Notes to Chapter 9: Hiding in Plain Sight,5570,5570
S089,Tlacopan,Tlacopan,city-state,19.459009,-99.187668,pre-Columbian city centre,historical core,https://vici.org/vici/101126/,Q1140671,http://www.wikidata.org/entity/Q1140671,https://en.wikipedia.org/wiki/Tlacopan,Mesoamerican city-state,4.58,1400,1521,1400 CE to 1521 CE,c.,reference synthesis,,1,Notes to Chapter 9: Hiding in Plain Sight,5568,5568
S090,Texcoco,Texcoco|Tetzcoco,city-state,19.51194,-98.88293,Wikidata coordinate,Wikidata supplied point,http://www.wikidata.org/entity/Q1141799,Q1141799,http://www.wikidata.org/entity/Q1141799,https://en.wikipedia.org/wiki/Texcoco_de_Mora,"municipal seat of Texcoco, State of Mexico, Mexico",11.95,1200,1521,1200 CE to 1521 CE,c.,reference synthesis,,2,Chapter 9: Hiding in Plain Sight | Notes to Chapter 9: Hiding in Plain Sight,3015,5568
S091,Chichén Itzá,Chichén Itzá|Chichén Itza,ancient city,20.683055555,-88.568611111,Wikidata coordinate,Wikidata supplied point,http://www.wikidata.org/entity/Q5859,Q5859,http://www.wikidata.org/entity/Q5859,https://en.wikipedia.org/wiki/Chichen_Itza,pre-Columbian Maya city in Mexico,25.78,600,1200,600 CE to 1200 CE,c.,reference synthesis,,3,Chapter 10: Why the State Has No Origin | Chapter 9: Hiding in Plain Sight | Notes to Chapter 9: Hiding in Plain Sight,3078,5602
S092,Copán,Copán|Copan,ancient city,14.837963888,-89.142441666,Wikidata coordinate,Wikidata supplied point,http://www.wikidata.org/entity/Q214827,Q214827,http://www.wikidata.org/entity/Q214827,https://en.wikipedia.org/wiki/Cop%C3%A1n,maya archaeological site in western Honduras,28.83,400,900,400 CE to 900 CE,c.,reference synthesis,,3,Chapter 9: Hiding in Plain Sight | Notes to Chapter 9: Hiding in Plain Sight,3064,5598
S093,Yaxchilán,Yaxchilán,ancient city,16.9,-90.966667,archaeological site centroid,site centroid,https://www.wikidata.org/wiki/Q662263,Q662263,https://www.wikidata.org/wiki/Q662263,https://en.wikipedia.org/wiki/Yaxchilan,"pre-Columbian Maya city in Chiapas, Mexico",100.0,359,808,359 CE to 808 CE,c.,reference synthesis,,1,Chapter 10: Why the State Has No Origin,3449,3449
S094,San Lorenzo Tenochtitlán,San Lorenzo,ceremonial and residential centre,17.733333,-94.8,Wikidata coordinate,Wikidata supplied point,http://www.wikidata.org/entity/Q772613,Q772613,http://www.wikidata.org/entity/Q772613,https://en.wikipedia.org/wiki/San_Lorenzo_Tenochtitl%C3%A1n,three related archaeological sites,23.39,-1400,-900,1400 BCE to 900 BCE,c.,reference synthesis,Disambiguated from modern places and the river in Teotihuacan.,3,Chapter 10: Why the State Has No Origin | Notes to Chapter 10: Why the State Has No Origin,3439,5780
S095,La Venta,La Venta,ceremonial and residential centre,18.10527778,-94.03166667,Wikidata coordinate,Wikidata supplied point,http://www.wikidata.org/entity/Q913166,Q913166,http://www.wikidata.org/entity/Q913166,https://en.wikipedia.org/wiki/La_Venta,archaeological site,23.64,-1200,-400,1200 BCE to 400 BCE,c.,reference synthesis,,2,Chapter 10: Why the State Has No Origin,3439,3565
S096,Aguada Fénix,Aguada Fénix,ceremonial and residential centre,17.8,-91.15,Wikidata coordinate,Wikidata supplied point,http://www.wikidata.org/entity/Q96059496,Q96059496,http://www.wikidata.org/entity/Q96059496,https://en.wikipedia.org/wiki/Aguada_F%C3%A9nix,Oldest city of the Maya civilization,14.46,-1000,-800,1000 BCE to 800 BCE,book dates,book note L5376,,1,Notes to Chapter 8: Imaginary Cities,5376,5376
S097,Chavín de Huántar,Chavín de Huántar,ceremonial and residential centre,-9.58865,-77.17764,Wikidata coordinate,Wikidata supplied point,http://www.wikidata.org/entity/Q17449251,Q17449251,http://www.wikidata.org/entity/Q17449251,,"village in Ancash, Peru",9.0,-1200,-400,1200 BCE to 400 BCE,c.,reference synthesis,,9,Chapter 10: Why the State Has No Origin | Chapter 11: Full Circle | Chapter 12: Conclusion | Notes to Chapter 10: Why the State Has No Origin,3458,5806
S098,Tiwanaku,Tiwanaku,ancient city,-16.554722222,-68.673333333,Wikidata coordinate,Wikidata supplied point,http://www.wikidata.org/entity/Q61750,Q61750,http://www.wikidata.org/entity/Q61750,https://en.wikipedia.org/wiki/Tiwanaku,archaeological site in Bolivia,25.15,-300,1000,300 BCE to 1000 CE,c.,reference synthesis,,2,Chapter 10: Why the State Has No Origin | Notes to Chapter 10: Why the State Has No Origin,3462,5878
S099,Wari (Huari),Wari|Huari,ancient city,-13.0583,-74.0639,Wari archaeological capital centroid,site centroid,https://en.wikipedia.org/wiki/Wari_(ancient_city),,,,,,600,1000,600 CE to 1000 CE,c.,reference synthesis,Book's polity name is resolved to its capital settlement.,2,Chapter 10: Why the State Has No Origin,3462,3572
S100,Knossos,Knossos,ancient city,35.297961111,25.163155555,Wikidata coordinate,Wikidata supplied point,http://www.wikidata.org/entity/Q173527,Q173527,http://www.wikidata.org/entity/Q173527,https://en.wikipedia.org/wiki/Knossos,ancient Minoan through Roman administrative center and city,29.17,-7000,500,7000 BCE to 500 CE,c.,reference synthesis,Long multi-period occupation.,8,Chapter 10: Why the State Has No Origin | Chapter 11: Full Circle | Chapter 12: Conclusion | Notes to Chapter 10: Why the State Has No Origin,3823,5992
S101,Phaistos,Phaestos|Phaistos,ancient city,35.051267,24.810922,Wikidata coordinate,Wikidata supplied point,http://www.wikidata.org/entity/Q249707,Q249707,http://www.wikidata.org/entity/Q249707,https://en.wikipedia.org/wiki/Phaistos,ancient Greek city in Crete,24.29,-4000,-1200,4000 BCE to 1200 BCE,c.,reference synthesis,,2,Chapter 10: Why the State Has No Origin,3823,3841
S102,Malia (Minoan site),Malia,ancient city,35.293888888,25.490833333,Wikidata coordinate,Wikidata supplied point,http://www.wikidata.org/entity/Q1887316,Q1887316,http://www.wikidata.org/entity/Q1887316,https://en.wikipedia.org/wiki/Malia_(archaeological_site),"historical site on Crete, Greece",23.39,-3000,-1200,3000 BCE to 1200 BCE,c.,reference synthesis,Resolved to the archaeological centre rather than the modern town.,1,Chapter 10: Why the State Has No Origin,3823,3823
S103,Zakros,Zakros,ancient city,35.098055555,26.261388888,Wikidata coordinate,Wikidata supplied point,http://www.wikidata.org/entity/Q60218,Q60218,http://www.wikidata.org/entity/Q60218,https://en.wikipedia.org/wiki/Zakros,"Minoan archaeological site in Eastern Crete, Greece",27.95,-1900,-1450,1900 BCE to 1450 BCE,c.,reference synthesis,,1,Chapter 10: Why the State Has No Origin,3823,3823
S104,Akrotiri,Akrotiri,ancient city,36.35136,25.40356,Wikidata coordinate,Wikidata supplied point,http://www.wikidata.org/entity/Q421232,Q421232,http://www.wikidata.org/entity/Q421232,https://en.wikipedia.org/wiki/Akrotiri_(prehistoric_city),Bronze Age settlement on the volcanic Greek island of Santorini (Thera),20.04,-5000,-1600,5000 BCE to 1600 BCE,c.,reference synthesis,,2,Chapter 10: Why the State Has No Origin,3825,3847
S105,Mycenae,Mycenae,ancient city,37.730833333,22.756111111,Wikidata coordinate,Wikidata supplied point,http://www.wikidata.org/entity/Q132564,Q132564,http://www.wikidata.org/entity/Q132564,https://en.wikipedia.org/wiki/Mycenae,"ancient city, now an archaeological site in Argolis, Greece",25.52,-1700,-1100,1700 BCE to 1100 BCE,c.,reference synthesis,,2,Chapter 10: Why the State Has No Origin | Chapter 8: Imaginary Cities,2679,3841
S106,Tiryns,Tiryns,ancient city,37.596719,22.799814,Wikidata coordinate,Wikidata supplied point,http://www.wikidata.org/entity/Q217379,Q217379,http://www.wikidata.org/entity/Q217379,https://en.wikipedia.org/wiki/Tiryns,"ancient city and archaeological site in Argolis, Greece",24.81,-2500,-1050,2500 BCE to 1050 BCE,c.,reference synthesis,,2,Chapter 10: Why the State Has No Origin | Chapter 8: Imaginary Cities,2679,3841
S107,Qustul,Qustul,settlement and cemetery,22.23333333,31.61666667,Wikidata coordinate,Wikidata supplied point,http://www.wikidata.org/entity/Q2123701,Q2123701,http://www.wikidata.org/entity/Q2123701,https://en.wikipedia.org/wiki/Qustul,archeological site in Egypt,18.81,-3800,-3000,3800 BCE to 3000 BCE,c.,reference synthesis,,1,Chapter 10: Why the State Has No Origin,3610,3610
S108,Kerma,Kerma,ancient city,19.600802,30.409731,Wikidata coordinate,Wikidata supplied point,http://www.wikidata.org/entity/Q1107569,Q1107569,http://www.wikidata.org/entity/Q1107569,https://en.wikipedia.org/wiki/Kerma,capital city of the Kerma culture and archaeological site,23.7,-2500,-1500,2500 BCE to 1500 BCE,c.,reference synthesis,,1,Chapter 10: Why the State Has No Origin,3572,3572
S109,Abydos,Abydos,ancient settlement and necropolis,26.185167,31.918889,Wikidata coordinate,Wikidata supplied point,http://www.wikidata.org/entity/Q192268,Q192268,http://www.wikidata.org/entity/Q192268,"https://en.wikipedia.org/wiki/Abydos,_Egypt",city in ancient Egypt,12.86,-5000,400,5000 BCE to 400 CE,c.,reference synthesis,Long episodic occupation.,3,Chapter 10: Why the State Has No Origin,3582,3610
S110,Hierakonpolis,Hierakonpolis,ancient city,25.0972,32.7792,Nekhen/Hierakonpolis archaeological site centroid,site centroid,https://en.wikipedia.org/wiki/Hierakonpolis,,,,,,-4400,-2000,4400 BCE to 2000 BCE,c.,reference synthesis,,3,Chapter 10: Why the State Has No Origin | Notes to Chapter 10: Why the State Has No Origin,3610,5866
S111,Naqada,Naqada,ancient settlement,25.901666666,32.724166666,Wikidata coordinate,Wikidata supplied point,http://www.wikidata.org/entity/Q959859,Q959859,http://www.wikidata.org/entity/Q959859,https://en.wikipedia.org/wiki/Naqada,town in Egypt,11.95,-4000,-3000,4000 BCE to 3000 BCE,c.,reference synthesis,,1,Chapter 10: Why the State Has No Origin,3610,3610
S112,Memphis (Egypt),Memphis,ancient city,29.844667,31.250917,Wikidata coordinate,Wikidata supplied point,http://www.wikidata.org/entity/Q5715,Q5715,http://www.wikidata.org/entity/Q5715,"https://en.wikipedia.org/wiki/Memphis,_Egypt",ancient capital of Egypt,13.44,-3100,641,3100 BCE to 641 CE,c.,reference synthesis,,2,Chapter 10: Why the State Has No Origin,3406,3651
S113,Giza workers' town,workers’ town at Giza|workers' town at Giza|Giza workers' town,workers' settlement,29.978,31.141,workers' settlement south-east of the Giza pyramids,site centroid,https://en.wikipedia.org/wiki/Giza_pyramid_complex#Workers'_village,,,,,,-2600,-2500,2600 BCE to 2500 BCE,c.,book plus reference synthesis,Resolved only to the explicitly named workers' town rather than other references to Giza.,1,Chapter 10: Why the State Has No Origin,3622,3622
S114,Thebes (Egypt),Thebes,ancient city,25.720555555,32.610277777,Wikidata coordinate,Wikidata supplied point,http://www.wikidata.org/entity/Q101583,Q101583,http://www.wikidata.org/entity/Q101583,"https://en.wikipedia.org/wiki/Thebes,_Egypt",ancient Egyptian city,13.38,-3200,400,3200 BCE to 400 CE,c.,reference synthesis,,4,Chapter 10: Why the State Has No Origin,3412,3698
S115,Natchez Great Village,Great Village|Natchez Great Village|Fatherland Site|the Fatherland Site|the Natchez Great Village,capital village,31.5252,-91.3816,Wikidata coordinate,Wikidata supplied point,http://www.wikidata.org/entity/Q5595244,Q5595244,http://www.wikidata.org/entity/Q5595244,https://en.wikipedia.org/wiki/Grand_Village_of_the_Natchez,"archaeological site in Natchez, United States of America",25.32,1200,1730,1200 CE to 1730 CE,c.,reference synthesis,Aliases are merged into the same archaeological settlement.,9,Chapter 10: Why the State Has No Origin | Chapter 11: Full Circle | Notes to Chapter 10: Why the State Has No Origin,3306,5836
S116,Pacooda,Pacooda,royal village,9.8875,32.10835,approximate location at modern Kodok/Fashoda,nearby locality,https://mapcarta.com/13090276,,,,,,1600,1900,1600 CE to 1900 CE,approximate,book plus reference synthesis,Coordinates and dates are low confidence.,1,Chapter 10: Why the State Has No Origin,3541,3541
S117,Hopewell Mound Group,Hopewell itself|at Hopewell|Hopewell Mound Group,ceremonial and aggregation centre,39.363,-83.093,World Heritage property centroid,site centroid,https://whc.unesco.org/document/203000,,,,,,-200,500,200 BCE to 500 CE,c.,reference synthesis,Generic references to the wider Hopewell culture and interaction sphere are excluded.,2,Chapter 11: Full Circle | Notes to Chapter 11: Full Circle,4014,6058
S118,Newark Earthworks,Newark Earthworks|the Newark Earthworks,ceremonial and aggregation centre,40.0402671,-82.4277555,Great Circle component of the wider Newark complex,representative component,https://hopewellearthworks.org/site/great-circle-earthworks/,,,,,,-100,500,100 BCE to 500 CE,c.,reference synthesis,,1,Chapter 11: Full Circle,3996,3996
S119,Turner Earthworks,Turner Site|the Turner Site,ceremonial and aggregation centre,39.1316,-84.3102,approximate destroyed-site location near Round Bottom and Mount Carmel Roads,approximate site,https://newtownohio.gov/wp-content/uploads/2019/05/Newtown_Municipal_and_Indian_2013.pdf,,,,,,-100,500,100 BCE to 500 CE,c.,reference synthesis,,1,Chapter 11: Full Circle,4014,4014
S120,Spiro Mounds,Spiro,settlement and ceremonial centre,35.311944,-94.568611,Wikidata coordinate,Wikidata supplied point,http://www.wikidata.org/entity/Q2044290,Q2044290,http://www.wikidata.org/entity/Q2044290,https://en.wikipedia.org/wiki/Spiro_Mounds,"archaeological site in Oklahoma, United States of America",30.32,850,1450,850 CE to 1450 CE,c.,reference synthesis,,1,Chapter 11: Full Circle,4051,4051
S121,Etowah Indian Mounds,Etowah,settlement and capital,34.128012,-84.807064,Wikidata coordinate,Wikidata supplied point,http://www.wikidata.org/entity/Q4533107,Q4533107,http://www.wikidata.org/entity/Q4533107,https://en.wikipedia.org/wiki/Etowah_Indian_Mounds,"archaeological site in Bartow County, Georgia",34.32,1000,1550,1000 CE to 1550 CE,c.,reference synthesis,,4,Chapter 11: Full Circle | Notes to Chapter 11: Full Circle,4051,6124
S122,Moundville,Moundville,settlement and capital,32.998,-87.628,Moundville archaeological park/site centroid,site centroid,https://en.wikipedia.org/wiki/Moundville_Archaeological_Site,,,,,,1000,1450,1000 CE to 1450 CE,c.,reference synthesis,,1,Chapter 11: Full Circle,4051,4051
S123,Coosa,Coosa,capital settlement,34.2,-85.17,approximate historical core; exact capital location debated,approximate historical core,https://en.wikipedia.org/wiki/Coosa_chiefdom,,,,,,1300,1600,1300 CE to 1600 CE,c.,reference synthesis,Exact capital location is debated; coordinates are approximate if unresolved.,3,Chapter 11: Full Circle,4075,4083
S124,Cofitachequi,Cofitachequi,capital settlement,34.25,-80.61,"approximate historical core near Camden, South Carolina",approximate historical core,https://en.wikipedia.org/wiki/Cofitachequi,,,,,,1200,1600,1200 CE to 1600 CE,c.,reference synthesis,Exact capital location is debated; coordinates are approximate if unresolved.,1,Chapter 11: Full Circle,4083,4083
S125,Basta,Basta,large Neolithic settlement,30.2,35.533,Pre-Pottery Neolithic site centroid,site centroid,https://en.wikipedia.org/wiki/Basta_(archaeological_site),Q15785757,http://www.wikidata.org/entity/Q15785757,https://en.wikipedia.org/wiki/Basta_(archaeological_site),Prehistoric archaeological site in Jordan,22.58,-7500,-6500,7500 BCE to 6500 BCE,c.,reference synthesis,,1,Chapter 6: Gardens of Adonis,2160,2160
S126,Byblos,Byblos|Jbeil,ancient and modern port city,34.1236,35.6511,ancient and modern city centre,city centroid,https://en.wikipedia.org/wiki/Byblos,,,,,,-8800,2026,8800 BCE to present,c.–present,reference synthesis,Long episodic occupation; Jbeil is the modern name used parenthetically in the notes.,2,Chapter 10: Why the State Has No Origin | Notes to Chapter 10: Why the State Has No Origin,3829,5888
S127,Mezin,Mezin,Upper Palaeolithic aggregation settlement,51.823,33.068,archaeological site near the modern village,nearby locality,https://en.wikipedia.org/wiki/Mezin,Q4288982,http://www.wikidata.org/entity/Q4288982,,"village in Korop Raion, Chernihiv Oblast, Ukraine",10.32,-18000,-13000,18000 BCE to 13000 BCE,c.,reference synthesis,Note-only settlement paired with Mezhirich.,1,Notes to Chapter 3: Unfreezing the Ice Age,4778,4778
S128,Tågerup,Tågerup|Tagerup,Mesolithic coastal settlement,55.856,12.938,Mesolithic site location,site centroid,https://xronos.ch/sites/22754,,,,,,-7000,-5500,7000 BCE to 5500 BCE,c.,reference synthesis,Note-only settlement; long-lived Mesolithic occupation.,1,"Notes to Chapter 4: Free People, the Origin of Cultures, and the Advent of Private Property",4910,4910
S129,Onondaga town,Onondaga town,historical settlement,,,intentionally unlocated; the book does not specify a recoverable location,unlocated,,,,,,,,,unknown to unknown,unknown,book evidence,Traditional narrative names a town but does not provide a recoverable location or occupation interval.,1,Chapter 11: Full Circle,4184,4184
S130,Merv,Merv,ancient city,37.6627,62.1891,ancient urban complex centroid,site centroid,https://en.wikipedia.org/wiki/Merv,,,,,,-3000,1800,3000 BCE to 1800 CE,c.,reference synthesis,,1,Chapter 8: Imaginary Cities,2900,2900
S131,Fort Michilimackinac,Michilimackinac|Fort Michilimackinac,fortified trading settlement,45.786,-84.7278,fort and trading settlement site,site centroid,https://en.wikipedia.org/wiki/Fort_Michilimackinac,,,,,,1715,1781,1715 CE to 1781 CE,c.,reference synthesis,The text calls it a French fort in a place named Michilimackinac.,2,Chapter 11: Full Circle | Chapter 2: Wicked Liberty,681,4174
S132,Mound Key (Calos),Calos|Mound Key,shell-mound capital,26.019,-81.995,Calusa capital on Mound Key in Estero Bay,site centroid,https://www.floridastateparks.org/parks-and-trails/mound-key-archaeological-state-park,,,,,,500,1700,500 CE to 1700 CE,c.,reference synthesis,The text names Calos and identifies the surviving archaeological complex as Mound Key.,3,"Chapter 4: Free People, the Origin of Cultures, and the Advent of Private Property",1527,1556
S133,Arslantepe,Arslantepe,regional centre,38.382023,38.36119,archaeological mound centroid,site centroid,https://www.archatlas.org/atlas/visualisations/panoramas/arslantepe/,,,,,,-6000,700,6000 BCE to 700 CE,c.,reference synthesis,The book describes fourth-millennium settlement and later occupation at the mound.,4,Chapter 8: Imaginary Cities | Notes to Chapter 10: Why the State Has No Origin,2884,5700
S134,Tell al-'Ubaid,Tell al-‘Ubaid|Tell al-'Ubaid|Tell al-Ubaid,archaeological settlement,30.97231,46.03063,archaeological tell centroid,site centroid,https://mapcarta.com/N5179254511,,,,,,-6500,-2500,6500 BCE to 2500 BCE,c.,reference synthesis,,1,Chapter 10: Why the State Has No Origin,3739,3739
S135,Herakleopolis,Herakleopolis|Heracleopolis,ancient city,29.08554,30.934549,ancient city at Ihnasya el-Medina,site centroid,https://www.trismegistos.org/geo/detail.php?tm=801,,,,,,-2500,700,2500 BCE to 700 CE,c.,reference synthesis,,1,Chapter 10: Why the State Has No Origin,3696,3696
S136,Hefat (El-Mo'alla),Hefat|El-Mo’alla|El-Mo'alla,ancient town,25.475,32.55,approximate ancient Hefat/modern El-Mo'alla location,historical core,https://egyptology.yale.edu/expeditions/past-and-joint-projects/moalla-survey-project,,,,,,-2200,-1900,2200 BCE to 1900 BCE,c.,book plus reference synthesis,Ancient Hefat is conventionally associated with El-Mo'alla; the identification is not entirely certain.,2,Chapter 10: Why the State Has No Origin,3698,3700
S137,Hor-mer,Hor-mer,ancient town,,,intentionally unlocated; the book does not specify a recoverable location,unlocated,,,,,,,-2181,-2055,2181 BCE to 2055 BCE,First Intermediate Period,book evidence,The quoted inscription names the town but its recoverable coordinates remain unresolved.,1,Chapter 10: Why the State Has No Origin,3700,3700
S138,Dholavira,Dholavira,ancient city,23.888408,70.213303,UNESCO World Heritage property reference point,site centroid,https://whc.unesco.org/en/list/1645/,Q9468,https://www.wikidata.org/wiki/Q9468,https://en.wikipedia.org/wiki/Dholavira,"archaeological site in Kutch, Gujarat in western India",100.0,-3000,-1500,3000 BCE to 1500 BCE,c.,reference synthesis,The book identifies Dholavira as a town and separately discusses its surviving street sign.,3,Chapter 8: Imaginary Cities | Notes to Chapter 8: Imaginary Cities,2909,5510
S139,Panga ya Saidi,Panga ya Saidi,cave habitation and burial site,-3.678333,39.736016,archaeological cave site reference point,site centroid,https://doi.org/10.1073/pnas.1522714113,Q53443604,https://www.wikidata.org/wiki/Q53443604,https://en.wikipedia.org/wiki/Panga_ya_Saidi,"archaeological cave site in Kilifi County, Kenya",100.0,-78000,1600,78000 BCE to 1600 CE,"intermittent, c.",reference synthesis,The book calls it a Kenyan cave site; archaeological deposits document intermittent occupation from the Middle Stone Age into the Iron Age.,1,Chapter 3: Unfreezing the Ice Age,995,995
S140,Başur Höyük,Başur Höyük,settlement and cemetery,37.98,41.779,archaeological mound reference point,approximate site,https://www.wikidata.org/wiki/Q6100419,Q6100419,https://www.wikidata.org/wiki/Q6100419,https://en.wikipedia.org/wiki/Ba%C5%9Fur_H%C3%B6y%C3%BCk,"archaeological mound in Siirt Province, Turkey",100.0,-7000,1300,7000 BCE to 1300 CE,"intermittent, c.",reference synthesis,The book names its Early Bronze Age cemetery; the mound also preserves a much longer sequence of settlement.,2,Chapter 8: Imaginary Cities | Notes to Chapter 8: Imaginary Cities,2890,5498
S141,Ounotisaston,Ounotisaston|Ounontisaston,historical capital settlement,,,intentionally unlocated; the book does not specify a recoverable location,unlocated,,,,,,,1610,1651,1610 CE to 1651 CE,c.,book plus reference synthesis,The book names the Attiwandaronk capital; its proposed identification with the Walker Site remains uncertain.,1,Chapter 11: Full Circle,4220,4220
S142,Kienuka,Kienuka,fortified historical settlement,43.164,-78.96,approximate position on the Niagara Escarpment within the Tuscarora Nation Reservation,approximate site,https://museum.dmna.ny.gov/forts/kienuka,,,,,,1300,1687,1300 CE to 1687 CE,"intermittent, c.",book plus reference synthesis,The book describes the Jigonsaseh's traditional fortified seat; archaeology indicates prehistoric and later historic occupations.,1,Chapter 11: Full Circle,4238,4238
S143,Fort Frontenac,Fort Frontenac|Fort Cataraqui,fortified trading settlement,44.233333333,-76.478611111,historic fort and trading-settlement site,site centroid,https://www.pc.gc.ca/apps/dfhd/page_nhs_eng.aspx?id=392,Q515965,https://www.wikidata.org/wiki/Q515965,https://en.wikipedia.org/wiki/Fort_Frontenac,"historic fort and trading settlement in Kingston, Ontario, Canada",100.0,1673,1812,1673 CE to 1812 CE,c.,reference synthesis,The book names the fortified meeting place; it also functioned as a garrisoned trading settlement.,1,Chapter 11: Full Circle,4240,4240
S144,Crow Creek,Crow Creek,fortified village and burial site,43.98,-99.331667,Crow Creek archaeological village site,site centroid,https://en.wikipedia.org/wiki/Crow_Creek_massacre,,,,,,900,1350,900 CE to 1350 CE,"intermittent, c.",reference synthesis,The note names its mass grave; the underlying archaeological site was a fortified village with multiple occupations.,1,Notes to Chapter 12: Conclusion,6208,6208
