bibliography_key,reference_url,reference_url_kind
Algaze 1993,,scholar_search
Allsen 2016,,scholar_search
Alt 2018,,scholar_search
Ambrose 2003,https://doi.org/10.1016/s0278-4165(03)00036-9,doi
Anthony 2007,,scholar_search
Arbuckle 2013,https://doi.org/10.1016/j.jas.2012.12.008,doi
Ascher 2004,,scholar_search
Ashmore 2015,https://doi.org/10.1017/s095653611500019x,doi
Asouti 2006,https://doi.org/10.1007/s10963-007-9008-1,doi
Atkins 2002,,scholar_search
Aubert 2018,https://doi.org/10.1038/s41586-018-0679-9,doi
Ayad 2009,,scholar_search
Bagley 1999,https://doi.org/10.1017/chol9780521470308.005,doi
Bahrani 2002,https://doi.org/10.1515/9781575065281-004,doi
Baines 1995,https://doi.org/10.1163/9789004676701_010,doi
Baires 2014,,scholar_search
Balsera 2008,,scholar_search
Bamann 1992,https://doi.org/10.1146/annurev.anthro.21.1.435,doi
Bartash 2015,https://doi.org/10.1515/za-2015-0012,doi
Bellwood 2005,,scholar_search
Benson 2009,,scholar_search
Bestock 2008,https://doi.org/10.3406/arnil.2008.956,doi
Birch 2015,https://doi.org/10.1007/s10814-015-9082-3,doi
Blackburn 2000,,scholar_search
Blanton 1996,https://doi.org/10.1086/204471,doi
Blanton 1998,,scholar_search
Blau 1963,https://doi.org/10.2307/480694,doi
Bogaard 2014,,scholar_search
Brown 1990,,scholar_search
Buikstra 2004,,scholar_search
Burger 2011,https://doi.org/10.1179/naw.2011.31.2.123,doi
Butters 2005,,scholar_search
Byers 2006,,scholar_search
Campbell 2009,,scholar_search
Campbell 2014,,scholar_search
Cannadine 2001,,scholar_search
Canuto 2018,https://doi.org/10.1126/science.aau0137,doi
Carballo 2019,,scholar_search
Carr 2005,https://doi.org/10.1007/0-387-27327-1_7,doi
Chapman 2010,,scholar_search
Clendinnen 1991,,scholar_search
Cook 2017,,scholar_search
Coon 2009,https://doi.org/10.1017/s0002731600047508,doi
Cortés 1928,,scholar_search
Cowgill 1997,https://doi.org/10.1146/annurev.anthro.26.1.129,doi
Cowgill 2015,https://doi.org/10.1017/cbo9781139046817,doi
Crazzolara 1951,,scholar_search
Crema 2013,https://doi.org/10.1017/s0003598x00049930,doi
Croucher 2012,https://doi.org/10.1093/acprof:osobl/9780199693955.001.0001,doi
Davis 1995,,scholar_search
DeBoer 1993,,scholar_search
DeBoer 1997,,scholar_search
Deino 2018,https://doi.org/10.1126/science.aao2216,doi
Denevan 1992,,scholar_search
Denham 2003,https://doi.org/10.1126/science.1085255,doi
Dickson 2006,https://doi.org/10.1017/s0959774306000084,doi
Dietrich 2012,https://doi.org/10.1017/s0003598x00047840,doi
Dietrich 2019,https://doi.org/10.1371/journal.pone.0215214,doi
Domenici 2018,,scholar_search
Donald 1997,https://doi.org/10.1525/9780520918115,doi
Ellingson 2001,,scholar_search
Emerson 1997a,,scholar_search
Emerson 2007,https://doi.org/10.2307/j.ctv1n3x1fb.10,doi
Emerson 2016,,scholar_search
Emerson 2018,,scholar_search
Engelbrecht 2003,,scholar_search
Englund 1998,,scholar_search
Englund 2009,,scholar_search
Erdal 2015,https://doi.org/10.1179/1461957114y.0000000072,doi
Fairbairn 2006,,scholar_search
Fargher 2010,https://doi.org/10.7183/1045-6635.21.3.227,doi
Fargher 2011,https://doi.org/10.1016/j.jaa.2011.06.001,doi
Fleming 2009,,scholar_search
Fogelson 1984,https://doi.org/10.2307/482712,doi
Formicola 2007,,scholar_search
Fowler 1997,,scholar_search
Fowler 1999,,scholar_search
Frangipane 2006,,scholar_search
Frangipane 2012,,scholar_search
Frankfort 1948,,scholar_search
Frenez 2018,,scholar_search
Friedman 2008,,scholar_search
Froese 2014,https://doi.org/10.1371/journal.pone.0109966,doi
García 2014,https://doi.org/10.1515/janeh-2014-0002,doi
Gell 1993,,scholar_search
Gibson 1952,,scholar_search
Gibson 2000,,scholar_search
Giosan 2012,https://doi.org/10.1073/pnas.1112743109,doi
Godoy 1986,https://doi.org/10.2307/2802905,doi
Goldstein 2003,,scholar_search
González 2014,,scholar_search
Gose 1996,https://doi.org/10.2307/483342,doi
Graeber 2001,,scholar_search
Graeber 2007a,,scholar_search
Graeber 2011,,scholar_search
Green 2020,https://doi.org/10.1007/s10814-020-09147-9,doi
Gresky 2017,https://doi.org/10.1126/sciadv.1700564,doi
Haak 2015,https://doi.org/10.1038/nature14317,doi
Habu 2004,,scholar_search
Hall 1997,,scholar_search
Hassig 2001,,scholar_search
He 2018,https://doi.org/10.1016/j.ara.2017.03.001,doi
Headrick 2007,,scholar_search
Henige 1999,https://doi.org/10.17953/aicr.23.4.f7l127282718051x,doi
Hodder 2003,,scholar_search
Hodder 2006,,scholar_search
Holt 2009,https://doi.org/10.1017/s0002731600048587,doi
Hudson 2018,,scholar_search
Iakovleva 2015,https://doi.org/10.1016/j.quaint.2014.08.050,doi
Isaac 1983,https://doi.org/10.1086/jar.39.4.3629865,doi
Isbell 2008,https://doi.org/10.1007/978-0-387-74907-5_37,doi
Jacobs 1995,,scholar_search
Jansen 1993,,scholar_search
Karahashi 2016,https://doi.org/10.1515/9781614519089-006,doi
Kehoe 2007,https://doi.org/10.7560/713475-012,doi
Kelly 2008,,scholar_search
Kemp 2006,,scholar_search
Kenoyer 1998,,scholar_search
King 2003,,scholar_search
Kirch 1990,,scholar_search
Knight 1986,https://doi.org/10.2307/280859,doi
Knight 2001,,scholar_search
Kobayashi 2004,,scholar_search
Kolata 1992,,scholar_search
Kononenko 2016,https://doi.org/10.1016/j.jasrep.2016.05.041,doi
Kowaleski 2003,,scholar_search
Kuijt 1996,https://doi.org/10.1006/jaar.1996.0012,doi
Lang 2013,https://doi.org/10.1080/00438243.2013.820648,doi
Larsson 1990,https://doi.org/10.1007/bf00974882,doi
Lattimore 1962,,scholar_search
Lehner 2015,,scholar_search
Lincoln 1994,,scholar_search
Liverani 1998,,scholar_search
Lockhart 1985,https://doi.org/10.1016/0191-6599(85)90086-5,doi
Lorenz 1997,,scholar_search
Lowie 1928,https://doi.org/10.2307/790747,doi
Lévi-Strauss 1987,,scholar_search
MacLeod 1928,,scholar_search
Madgwick 2019,https://doi.org/10.1126/sciadv.aau6078,doi
Mann 2000,,scholar_search
Mann 2005,,scholar_search
Manzanilla 1993,,scholar_search
Manzanilla 2015,https://doi.org/10.1073/pnas.1419881112,doi
Manzanilla 2017,https://doi.org/10.1007/s12520-016-0418-9,doi
Marchesi 2004,,scholar_search
Martin 2001,,scholar_search
Martin 2020,,scholar_search
Matthews 2005,,scholar_search
Mellaart 1967,,scholar_search
Merrick 1991,https://doi.org/10.1353/sec.2010.0106,doi
Meskell 2008,https://doi.org/10.1017/s095977430800022x,doi
Mieroop 1989,,scholar_search
Mieroop 1999,,scholar_search
Mieroop 2013,https://doi.org/10.4324/9780203096604.ch13,doi
Millon 1964,https://doi.org/10.2307/277873,doi
Millon 1976,,scholar_search
Milner 1998,,scholar_search
Milner 2013,https://doi.org/10.1002/evan.21351,doi
Mitchell 1985,,scholar_search
Mittnik 2016,https://doi.org/10.1371/journal.pone.0163019,doi
Moorey 1964,https://doi.org/10.2307/4199767,doi
Moorey 1977,,scholar_search
Morris 2007,,scholar_search
Murra 1956,,scholar_search
Murra 1982,,scholar_search
Müller 2016,,scholar_search
Nash 1978,https://doi.org/10.1086/493612,doi
Neitzel 1965,,scholar_search
Nichols 2016,https://doi.org/10.1007/s10814-015-9085-0,doi
Nissen 2002,,scholar_search
Notroff 2016,https://doi.org/10.1017/cbo9781316014509.006,doi
Nuttall 1921,https://doi.org/10.3406/jsa.1921.2905,doi
Oates 2007,https://doi.org/10.1017/s0003598x00095600,doi
Ohlrau 2016,,scholar_search
Parker 1919,,scholar_search
Pasztory 1988,,scholar_search
Pasztory 1992,,scholar_search
Pasztory 1997,,scholar_search
Pauketat 1994,,scholar_search
Pauketat 2007,https://doi.org/10.5040/9798216418474,doi
Pauketat 2009,,scholar_search
Pauketat 2013,,scholar_search
Pauketat 2015,https://doi.org/10.1017/cho9781139035606.027,doi
Paulinyi 1981,,scholar_search
Pearson 2012,,scholar_search
Pearson 2013,https://doi.org/10.1016/j.jaa.2013.01.002,doi
Pennock 2008,,scholar_search
Pennock 2017,https://doi.org/10.1093/oxfordhb/9780199341962.013.40,doi
Peters 2017,https://doi.org/10.1093/oxfordhb/9780199686476.013.18,doi
Pettitt 2011,https://doi.org/10.4324/9780203813300,doi
Possehl 1996,,scholar_search
Possehl 2002,,scholar_search
Postgate 1992,,scholar_search
Prendergast 2018,https://doi.org/10.1016/j.jasrep.2018.08.006,doi
Pryor 2020,https://doi.org/10.15184/aqy.2020.7,doi
Quilter 2002,https://doi.org/10.1023/a:1019933420233,doi
Ratnagar 2004,,scholar_search
Ratnagar 2016,,scholar_search
Redding 1998,,scholar_search
Rehak 2002,,scholar_search
Richardson 2012,https://doi.org/10.1093/pastj/gts009,doi
Ringle 2004,https://doi.org/10.1017/s0956536104040131,doi
Rissman 1988,https://doi.org/10.1080/00438243.1988.9980068,doi
Ritchie 2016,https://doi.org/10.1016/j.jaa.2016.06.002,doi
Rodrigues 2005,https://doi.org/10.1007/0-387-27327-1_10,doi
Roebroeks 2000,,scholar_search
Rosenwig 2010,,scholar_search
Rosenwig 2017,,scholar_search
Roth 1991,,scholar_search
Sahlins 2004,,scholar_search
Sahlins 2017,,scholar_search
Salomon 2004,,scholar_search
Santana 2012,https://doi.org/10.1002/ajpa.22111,doi
Sassaman 2005,https://doi.org/10.1007/s10816-005-8460-4,doi
Schirmer 1990,https://doi.org/10.1080/00438243.1990.9980114,doi
Schmandt-Besserat 1992,,scholar_search
Schmidt 1998,,scholar_search
Schmidt 2006,,scholar_search
Schrakamp 2010,,scholar_search
Scott 2017,,scholar_search
Sharer 2003,,scholar_search
Shaughnessy 1989,,scholar_search
Sheppard 2011,https://doi.org/10.1086/662201,doi
Sherratt 1997,https://doi.org/10.1515/9781474472562,doi
Sherratt 2000,,scholar_search
Sherratt 2007,,scholar_search
Sikora 2017,https://doi.org/10.1126/science.aao1807,doi
Skoglund 2016,https://doi.org/10.1038/nature19844,doi
Skousen 2016,,scholar_search
Slon 2014,https://doi.org/10.1371/journal.pone.0089242,doi
Smith 1984,https://doi.org/10.2307/482619,doi
Smith 1992,https://doi.org/10.1525/ap3a.1992.3.1.11,doi
Smith 2012,,scholar_search
Smith 2015,https://doi.org/10.1080/17549175.2014.896394,doi
Smith 2017,https://doi.org/10.1515/opar-2017-0010,doi
Snow 1991,,scholar_search
Soffer 1985,,scholar_search
Soustelle 1962,,scholar_search
Spriggs 1995,,scholar_search
Spriggs 1997,,scholar_search
Starna 2008,,scholar_search
Steinkeller 2015,,scholar_search
Stordeur 2000,,scholar_search
Straus 1977,,scholar_search
Stuart 2000,,scholar_search
Subramanian 2010,,scholar_search
Sugiyama 2013,https://doi.org/10.7183/1045-6635.24.4.403,doi
Sugiyama 2019,,scholar_search
Swanton 1931,,scholar_search
Tambiah 1973,,scholar_search
Tate 2012,,scholar_search
Taube 1986,https://doi.org/10.1086/resv12n1ms20166753,doi
Taube 2000,,scholar_search
Teschler-Nicola 1996,,scholar_search
Thomas 2005,https://doi.org/10.1007/0-387-27327-1_8,doi
Thompson 2015,https://doi.org/10.1002/ajpa.22791,doi
Torres 2008,,scholar_search
Trigger 2006,,scholar_search
Trinkaus 2018,https://doi.org/10.1073/pnas.1814989115,doi
Tuck 1978,,scholar_search
Tuerenhout 2002,https://doi.org/10.4000/civilisations.3400,doi
Underhill 2008,https://doi.org/10.1016/j.jaa.2006.11.002,doi
Ur 2014,https://doi.org/10.1017/s095977431400047x,doi
Valentine 2015,https://doi.org/10.1371/journal.pone.0123103,doi
Vidale 2010,https://doi.org/10.1080/02666031003737232,doi
Vidale 2013,,scholar_search
Videiko 1996,,scholar_search
Viner 2010,https://doi.org/10.1016/j.jas.2010.06.017,doi
Voutsaki 1997,https://doi.org/10.1179/096576697800660285,doi
Wallace 1958,https://doi.org/10.1525/aa.1958.60.2.02a00030,doi
Wengrow 1998,https://doi.org/10.1017/s0003598x00087378,doi
Wengrow 2006,,scholar_search
Wengrow 2008,https://doi.org/10.1086/523676,doi
Wengrow 2010a,,scholar_search
Wengrow 2010b,,scholar_search
Wengrow 2011,,scholar_search
White 1985,https://doi.org/10.30861/9780860543244,doi
White 1999,,scholar_search
White 2008,,scholar_search
Wild 2004,https://doi.org/10.1017/s0033822200039680,doi
Wilkinson 2014,https://doi.org/10.3406/paleo.2014.5643,doi
Williams 1990,,scholar_search
Wills 1970,https://doi.org/10.1080/00335637009383027,doi
Wood 1992,,scholar_search
Woods 2004,https://doi.org/10.1023/b:ahum.0000029398.01906.5e,doi
Wright 2007,,scholar_search
Wright 2008,https://doi.org/10.1179/175638008x348016,doi
Wright 2010,,scholar_search
Wright 2014,https://doi.org/10.1016/j.jas.2014.09.009,doi
Yen 1995,https://doi.org/10.1017/s0003598x00082375,doi
Yoffee 1995,https://doi.org/10.1146/annurev.anthro.24.1.281,doi
Younger 2016,,scholar_search
Zagarell 1986,,scholar_search
Zheltova 2015,https://doi.org/10.1016/j.quaint.2014.10.047,doi
Zhilin 2018,https://doi.org/10.15184/aqy.2018.48,doi
Özbek 1988,,scholar_search
